{"values": {"mean": 0.24895314872264862, "std": 0.15531377494335175}, "traits": {"mean": {"LMA_O": 59.06489562988281, "Narea_O": 2.598355770111084, "SPAD_O": 48.6065559387207, "Nmass_O": 43.1631965637207, "Parea_O": 0.17074507474899292, "Pmass_O": 3.136066198348999, "Vcmax": 171.27166748046875, "Vcmax25": 148.1663818359375, "J": 218.50674438476562, "Photo_O": 24.89901351928711, "Cond_O": 0.47303396463394165, "Vcmax25_Narea_O": 59.38166046142578}, "std": {"LMA_O": 11.904711723327637, "Narea_O": 0.739146888256073, "SPAD_O": 7.933349132537842, "Nmass_O": 8.51395034790039, "Parea_O": 0.05924087017774582, "Pmass_O": 1.4256794452667236, "Vcmax": 65.5807113647461, "Vcmax25": 39.3757438659668, "J": 54.848548889160156, "Photo_O": 6.359973430633545, "Cond_O": 0.21589630842208862, "Vcmax25_Narea_O": 13.638940811157227}}}